<?xml version="1.0" encoding="UTF-8"?>
<project-private xmlns="http://www.netbeans.org/ns/project-private/1">
    <editor-bookmarks xmlns="http://www.netbeans.org/ns/editor-bookmarks/2" lastBookmarkId="0"/>
    <open-files xmlns="http://www.netbeans.org/ns/projectui-open-files/2">
        <group>
            <file>file:/D:/0KULIYAH/0MATKUL/SEMESTER%203/PBO/PBO_Java_Semester3/DegDeganApp/src/degdeganapp/BiayaKirim.java</file>
            <file>file:/D:/0KULIYAH/0MATKUL/SEMESTER%203/PBO/PBO_Java_Semester3/DegDeganApp/src/degdeganapp/DegDeganApp.java</file>
            <file>file:/D:/0KULIYAH/0MATKUL/SEMESTER%203/PBO/PBO_Java_Semester3/DegDeganApp/src/degdeganapp/HargaBeli.java</file>
        </group>
    </open-files>
</project-private>
